Date,Price
09/01/1960,1.4577362
09/01/1960,10000.4577362
09/01/1960,175.4577362
10/01/1960,100.7628687
11/01/1960,100.9453853
12/01/1960,101.1339766
15/01/1960,101.6215304
16/01/1960,101.1287124
17/01/1960,100.6379304
18/01/1960,101.1124138
19/01/1960,101.3342192
22/01/1960,101.2557526
23/01/1960,101.4379791
24/01/1960,101.6491346
25/01/1960,101.1454954
26/01/1960,101.2446378
29/01/1960,101.0405322
30/01/1960,110.9257881
31/01/1960,100.6396907
01/02/1960,100.8685891
02/02/1960,100.7579675
05/02/1960,100.8531271
06/02/1960,100.5631516
07/02/1960,100.4744145
08/02/1960,100.2878486
09/02/1960,100.3306047
12/02/1960,99.90273603
13/02/1960,100.111244
14/02/1960,99.86363226
15/02/1960,99.83900433
16/02/1960,99.38600244
19/02/1960,99.37593768
20/02/1960,99.35514459
21/02/1960,99.40815295
22/02/1960,99.30921622
23/02/1960,99.78140469
26/02/1960,99.43695507
27/02/1960,99.00831052
28/02/1960,98.71065602
01/03/1960,98.44191042
02/03/1960,98.49272267
05/03/1960,98.56765229
06/03/1960,98.43877201
07/03/1960,98.42837819
08/03/1960,98.79203533
09/03/1960,98.75705642
12/03/1960,98.82914177
13/03/1960,98.94860955
14/03/1960,99.20485007
15/03/1960,99.60483754
16/03/1960,99.94258489
19/03/1960,100.2229908
20/03/1960,100.2009311
21/03/1960,100.5036869
22/03/1960,100.52921
23/03/1960,100.6641268
26/03/1960,100.8877139
27/03/1960,100.4307846
28/03/1960,100.0277141
29/03/1960,100.2245935
30/03/1960,100.2569622
02/04/1960,100.1335796
03/04/1960,100.08561
04/04/1960,99.76591296
05/04/1960,99.94852436
06/04/1960,99.86618169
09/04/1960,100.3146542
10/04/1960,99.8224265
11/04/1960,99.63402751
12/04/1960,99.17429235
13/04/1960,99.02891789
16/04/1960,99.27929627
17/04/1960,99.45600668
18/04/1960,99.87636393
19/04/1960,100.2941525
20/04/1960,100.0088171
23/04/1960,100.2151909
24/04/1960,100.1620551
25/04/1960,100.4468637
26/04/1960,100.2996817
27/04/1960,100.6121039
30/04/1960,100.8368146
01/05/1960,100.9462995
02/05/1960,100.9801209
03/05/1960,100.503911
04/05/1960,100.1704633
07/05/1960,100.5872624
08/05/1960,100.3197819
09/05/1960,100.5832545
10/05/1960,100.8594282
11/05/1960,101.0069936
14/05/1960,101.2192731
15/05/1960,101.6515889
16/05/1960,101.8500238
17/05/1960,102.2169218
18/05/1960,101.9672595
21/05/1960,102.3485619
22/05/1960,102.6851742
23/05/1960,103.128044
24/05/1960,103.4976962
25/05/1960,103.3483717
28/05/1960,103.1048
29/05/1960,102.8231404
30/05/1960,102.9570771
31/05/1960,102.8806513
01/06/1960,103.1056886
04/06/1960,103.1132994
05/06/1960,103.5054949
06/06/1960,103.2174798
07/06/1960,103.56024
08/06/1960,103.7009943
11/06/1960,104.2012525
12/06/1960,104.5715067
13/06/1960,104.501157
14/06/1960,104.2164756
15/06/1960,104.0496759
18/06/1960,104.0306319
19/06/1960,104.0681329
20/06/1960,104.3202461
21/06/1960,104.5414348
22/06/1960,104.1628962
25/06/1960,104.3764266
26/06/1960,103.9575164
27/06/1960,104.4462421
28/06/1960,104.4762487
29/06/1960,104.2039412
02/07/1960,104.2263602
03/07/1960,104.6795538
04/07/1960,105.0633039
05/07/1960,104.6331998
06/07/1960,104.7748834
09/07/1960,104.5087492
10/07/1960,104.7706156
11/07/1960,104.7512324
12/07/1960,124.855201
13/07/1960,104.9008922
16/07/1960,105.300289
17/07/1960,105.285162
18/07/1960,105.8065061
19/07/1960,105.9917858
20/07/1960,106.0703022
23/07/1960,105.9714353
24/07/1960,105.7679564
25/07/1960,105.4037097
26/07/1960,105.4752023
27/07/1960,105.6804051
30/07/1960,105.8023674
31/07/1960,105.9897342
01/08/1960,105.5465066
02/08/1960,105.8330915
03/08/1960,106.1223352
06/08/1960,106.2650928
07/08/1960,106.1331698
08/08/1960,106.5510522
09/08/1960,106.5334892
10/08/1960,106.9748525
13/08/1960,107.5015224
14/08/1960,107.686838
15/08/1960,107.4348156
16/08/1960,107.3500953
17/08/1960,107.562371
20/08/1960,107.2399909
21/08/1960,107.3923162
22/08/1960,107.0700543
23/08/1960,107.0764385
24/08/1960,107.1562154
27/08/1960,107.1732985
28/08/1960,106.6828981
29/08/1960,106.9127077
30/08/1960,106.8799819
31/08/1960,107.1531226
03/09/1960,107.3803097
04/09/1960,106.933551
05/09/1960,107.2798305
06/09/1960,107.5011296
07/09/1960,107.7114462
10/09/1960,107.5861444
11/09/1960,107.449406
12/09/1960,107.1171792
13/09/1960,106.7871642
14/09/1960,106.5596575
17/09/1960,107.0505355
18/09/1960,106.8021874
19/09/1960,106.7838345
20/09/1960,106.4488367
21/09/1960,105.921596
24/09/1960,105.517535
25/09/1960,105.9047449
26/09/1960,106.3058608
27/09/1960,106.1312813
28/09/1960,106.0395872
01/10/1960,106.2543017
02/10/1960,106.4415072
03/10/1960,106.6673998
04/10/1960,106.7975846
05/10/1960,106.7088772
08/10/1960,106.5129355
09/10/1960,106.224703
10/10/1960,106.2198736
11/10/1960,106.4667616
12/10/1960,106.4033762
15/10/1960,106.8035452
16/10/1960,107.235384
17/10/1960,107.0579849
18/10/1960,107.0099391
19/10/1960,106.7392327
22/10/1960,107.1660651
23/10/1960,106.6862603
24/10/1960,106.6955374
25/10/1960,106.3614335
26/10/1960,106.263187
29/10/1960,105.7921375
30/10/1960,106.2208333
31/10/1960,106.2269459
01/11/1960,106.5809041
02/11/1960,106.4043839
05/11/1960,105.8958802
06/11/1960,106.3050001
07/11/1960,106.0300619
08/11/1960,105.7962594
09/11/1960,105.4989826
12/11/1960,105.4763455
13/11/1960,105.0380243
14/11/1960,105.2204717
15/11/1960,105.5705838
16/11/1960,105.5471178
19/11/1960,105.0498069
20/11/1960,105.3384176
21/11/1960,105.2264153
22/11/1960,104.7534289
23/11/1960,104.2377829
26/11/1960,104.6110859
27/11/1960,104.9204023
28/11/1960,105.4422787
29/11/1960,105.8549241
30/11/1960,106.1465536
03/12/1960,106.0700465
04/12/1960,105.6259539
05/12/1960,105.4353622
06/12/1960,104.9406517
07/12/1960,105.2063479
10/12/1960,104.9142028
11/12/1960,104.4464966
12/12/1960,104.6157963
13/12/1960,105.0501963
14/12/1960,105.1153113
17/12/1960,105.6007574
18/12/1960,105.6519566
19/12/1960,105.7716246
20/12/1960,105.505958
21/12/1960,105.6775335
24/12/1960,106.12025
25/12/1960,105.798359
26/12/1960,105.6401505
27/12/1960,106.1177036
28/12/1960,105.8421728
31/12/1960,105.328691
01/01/1961,105.7800988
02/01/1961,106.0034591
03/01/1961,106.4662251
04/01/1961,106.8099704
07/01/1961,106.4365603
08/01/1961,106.5939332
09/01/1961,106.7157584
10/01/1961,106.1887524
11/01/1961,106.5118364
14/01/1961,106.7756583
15/01/1961,106.9410097
16/01/1961,106.9303234
17/01/1961,107.1192879
18/01/1961,107.3040388
21/01/1961,107.3306182
22/01/1961,106.9479185
23/01/1961,106.4449041
24/01/1961,106.1314877
25/01/1961,106.2228028
28/01/1961,106.4086748
29/01/1961,106.4825603
30/01/1961,106.6791747
31/01/1961,106.6162125
01/02/1961,106.5208443
04/02/1961,106.5681472
05/02/1961,106.4474807
06/02/1961,106.449718
07/02/1961,106.6274363
08/02/1961,106.6179491
11/02/1961,106.3357837
12/02/1961,106.6740228
13/02/1961,107.0627488
14/02/1961,107.4304959
15/02/1961,107.6062701
18/02/1961,107.6624924
19/02/1961,108.1058435
20/02/1961,108.4895747
21/02/1961,108.6521787
22/02/1961,108.1963725
25/02/1961,108.6849002
26/02/1961,108.5031375
27/02/1961,108.3703232
28/02/1961,108.3068679
01/03/1961,107.9505149
04/03/1961,107.5914403
05/03/1961,107.1428924
06/03/1961,107.5146888
07/03/1961,107.4950501
08/03/1961,107.2899272
11/03/1961,107.1764607
12/03/1961,106.6516307
13/03/1961,106.3462049
14/03/1961,106.5505014
15/03/1961,106.1391044
18/03/1961,105.7815331
19/03/1961,106.0977294
20/03/1961,105.6053089
21/03/1961,105.5746783
22/03/1961,106.0510936
25/03/1961,106.2627639
26/03/1961,106.6705226
27/03/1961,106.2001139
28/03/1961,106.0724056
29/03/1961,106.4300144
01/04/1961,106.6288944
02/04/1961,106.125954
03/04/1961,106.3770231
04/04/1961,106.1173935
05/04/1961,105.6385812
08/04/1961,105.3190384
09/04/1961,105.4980146
10/04/1961,105.6378515
11/04/1961,105.7780573
12/04/1961,106.119339
15/04/1961,106.1236291
16/04/1961,105.874076
17/04/1961,105.7808602
18/04/1961,106.2451022
19/04/1961,106.4318815
22/04/1961,106.3974583
23/04/1961,106.0522749
24/04/1961,105.8479322
25/04/1961,105.7133328
26/04/1961,105.998462
29/04/1961,106.2591091
30/04/1961,106.7396339
01/05/1961,106.2467638
02/05/1961,106.6698198
03/05/1961,107.2018097
06/05/1961,107.6564711
07/05/1961,107.4770149
08/05/1961,107.9286136
09/05/1961,107.8194919
10/05/1961,108.1581658
13/05/1961,107.7918588
14/05/1961,107.513583
15/05/1961,107.6521868
16/05/1961,108.1450474
17/05/1961,108.548493
20/05/1961,108.0613955
21/05/1961,108.2608632
22/05/1961,108.0696921
23/05/1961,108.0716027
24/05/1961,107.8313654
27/05/1961,108.0991704
28/05/1961,108.2193525
29/05/1961,108.2999038
30/05/1961,108.0623739
31/05/1961,107.9206275
03/06/1961,108.2456436
04/06/1961,108.5612446
05/06/1961,108.0330095
06/06/1961,108.4359574
07/06/1961,108.5530524
10/06/1961,108.0264011
11/06/1961,108.4287491
12/06/1961,107.9582616
13/06/1961,107.9312322
14/06/1961,108.0210267
17/06/1961,108.1441324
18/06/1961,107.9493482
19/06/1961,108.2395046
20/06/1961,108.0705621
21/06/1961,108.4770447
24/06/1961,108.1668872
25/06/1961,107.8232222
26/06/1961,108.1542778
27/06/1961,108.5754848
28/06/1961,109.0940395
01/07/1961,109.0216999
02/07/1961,109.2663005
03/07/1961,109.7430549
04/07/1961,110.0515912
05/07/1961,110.0653683
08/07/1961,110.3902091
09/07/1961,110.6317038
10/07/1961,110.3132565
11/07/1961,110.3018347
12/07/1961,110.6602099
15/07/1961,110.821792
16/07/1961,110.6779984
17/07/1961,110.5879181
18/07/1961,110.2826406
19/07/1961,110.0862623
22/07/1961,110.1919318
23/07/1961,110.4111521
24/07/1961,110.6188342
25/07/1961,110.3136236
26/07/1961,109.7765673
29/07/1961,109.6965433
30/07/1961,109.2469144
31/07/1961,109.6417227
01/08/1961,109.1836118
02/08/1961,108.9694549
05/08/1961,108.5437532
06/08/1961,108.5452688
07/08/1961,108.8236391
08/08/1961,108.4881129
09/08/1961,108.2081923
12/08/1961,108.3149443
13/08/1961,108.5021507
14/08/1961,108.3214312
15/08/1961,108.2698654
16/08/1961,107.802087
19/08/1961,108.0711567
20/08/1961,108.0599961
21/08/1961,108.1999187
22/08/1961,108.2695031
23/08/1961,108.742859
26/08/1961,108.345192
27/08/1961,108.8656868
28/08/1961,109.0888956
29/08/1961,109.3010951
30/08/1961,109.1178199
02/09/1961,109.0943173
03/09/1961,108.9055185
04/09/1961,108.4035913
05/09/1961,107.9431959
06/09/1961,107.7045946
09/09/1961,108.076243
10/09/1961,107.8688577
11/09/1961,108.2816748
12/09/1961,108.2670663
13/09/1961,108.3019958
16/09/1961,107.7734804
17/09/1961,108.0417331
18/09/1961,107.8128634
19/09/1961,107.3991849
20/09/1961,107.1187527
23/09/1961,107.2028944
24/09/1961,107.6926616
25/09/1961,107.6505052
26/09/1961,107.2868829
27/09/1961,107.2632672
30/09/1961,107.2137113
01/10/1961,106.9826313
02/10/1961,106.8871383
03/10/1961,106.9393163
04/10/1961,106.9996873
07/10/1961,106.9648975
08/10/1961,107.4067346
09/10/1961,107.0075439
10/10/1961,106.9272675
11/10/1961,106.3946504
14/10/1961,106.1410209
15/10/1961,106.3757747
16/10/1961,105.8796325
17/10/1961,106.0168458
18/10/1961,106.0770587
21/10/1961,106.4548318
22/10/1961,106.7331976
23/10/1961,106.4364798
24/10/1961,106.0261996
25/10/1961,105.6857421
28/10/1961,105.4347902
29/10/1961,104.9634459
30/10/1961,105.3268876
31/10/1961,105.0261989
01/11/1961,104.9538499
04/11/1961,104.534523
05/11/1961,105.0147951
06/11/1961,105.3734774
07/11/1961,105.8012937
08/11/1961,106.1493788
11/11/1961,106.3488215
12/11/1961,106.7778049
13/11/1961,106.8865531
14/11/1961,107.0826942
15/11/1961,107.4591601
18/11/1961,107.6440005
19/11/1961,108.0496987
20/11/1961,108.4089736
21/11/1961,108.8771079
22/11/1961,109.1583275
25/11/1961,109.4881512
26/11/1961,109.0511653
27/11/1961,109.3795065
28/11/1961,109.3965422
29/11/1961,109.8035027
02/12/1961,109.3402834
03/12/1961,109.3290543
04/12/1961,109.1841144
05/12/1961,109.6428654
06/12/1961,109.6908624
09/12/1961,109.3561106
10/12/1961,109.8559206
11/12/1961,109.5891693
12/12/1961,109.3999773
13/12/1961,109.6150394
16/12/1961,109.1537604
17/12/1961,109.0096078
18/12/1961,109.3640125
19/12/1961,109.248646
20/12/1961,109.5404991
23/12/1961,109.5527525
24/12/1961,109.4444618
25/12/1961,109.9272261
26/12/1961,109.9922722
27/12/1961,109.4616232
30/12/1961,109.9660693
31/12/1961,110.1874473
01/01/1962,109.8724504
02/01/1962,109.9815944
03/01/1962,110.3194735
06/01/1962,110.3550405
07/01/1962,109.8741713
08/01/1962,109.33367
09/01/1962,109.7420532
10/01/1962,109.8458749
13/01/1962,109.9949688
14/01/1962,109.5137172
15/01/1962,109.699148
16/01/1962,110.0848835
17/01/1962,110.6228479
20/01/1962,111.1331297
21/01/1962,111.6587488
22/01/1962,111.6776769
23/01/1962,111.9123213
24/01/1962,112.5450136
27/01/1962,112.8015592
28/01/1962,112.926472
29/01/1962,114.2663122
30/01/1962,114.5497319
31/01/1962,114.6964072
03/02/1962,114.1236371
04/02/1962,114.5858788
05/02/1962,114.4067306
06/02/1962,113.8901924
07/02/1962,114.4346586
10/02/1962,114.1808522
11/02/1962,113.632574
12/02/1962,113.1149599
13/02/1962,113.456323
14/02/1962,113.7815444
17/02/1962,113.9523729
18/02/1962,114.1487202
19/02/1962,114.0120225
20/02/1962,113.727981
21/02/1962,114.0674133
24/02/1962,114.1542168
25/02/1962,114.5611275
26/02/1962,114.3394673
27/02/1962,114.3167946
28/02/1962,113.8726269
02/03/1962,114.3848481
03/03/1962,113.8804832
04/03/1962,113.3179973
05/03/1962,113.4813907
06/03/1962,113.2998015
09/03/1962,112.9433615
10/03/1962,112.5545165
11/03/1962,112.8199491
12/03/1962,113.2777384
13/03/1962,113.5286396
16/03/1962,114.0435383
17/03/1962,114.1521698
18/03/1962,114.614721
19/03/1962,114.8935777
20/03/1962,114.7689682
23/03/1962,114.8844348
24/03/1962,114.714936
25/03/1962,114.6267787
26/03/1962,114.8904518
27/03/1962,115.0546354
30/03/1962,114.5244654
31/03/1962,114.6808018
01/04/1962,115.0388177
02/04/1962,114.661478
03/04/1962,114.5158014
06/04/1962,114.919076
07/04/1962,115.1708326
08/04/1962,114.7393467
09/04/1962,114.6947693
10/04/1962,114.68458
13/04/1962,114.2809343
14/04/1962,113.8222303
15/04/1962,113.736393
16/04/1962,113.708908
17/04/1962,113.8822221
20/04/1962,113.4180058
21/04/1962,113.8646789
22/04/1962,113.4531412
23/04/1962,113.6727114
24/04/1962,113.8700931
27/04/1962,113.9259004
28/04/1962,113.5600149
29/04/1962,114.1123848
30/04/1962,114.5158984
01/05/1962,115.0767891
04/05/1962,115.470915
05/05/1962,115.867031
06/05/1962,115.9996799
07/05/1962,116.061873
08/05/1962,115.7099184
11/05/1962,116.2859553
12/05/1962,116.1842737
13/05/1962,116.5635278
14/05/1962,117.1402303
15/05/1962,117.3792615
18/05/1962,117.2540612
19/05/1962,116.7724696
20/05/1962,116.7067766
21/05/1962,116.9266216
22/05/1962,116.7957883
25/05/1962,117.2000481
26/05/1962,117.1580634
27/05/1962,117.6137943
28/05/1962,117.485431
29/05/1962,117.9432142
01/06/1962,117.7220108
02/06/1962,118.2018147
03/06/1962,118.5323179
04/06/1962,119.0356417
05/06/1962,119.1157109
08/06/1962,118.926906
09/06/1962,119.0864099
10/06/1962,118.5542799
11/06/1962,118.1154305
12/06/1962,118.3577672
15/06/1962,117.8662291
16/06/1962,118.4518021
17/06/1962,118.4935544
18/06/1962,118.957228
19/06/1962,119.1040062
22/06/1962,119.0710394
23/06/1962,118.6318536
24/06/1962,118.9729467
25/06/1962,119.2645019
26/06/1962,119.7807589
29/06/1962,120.2873352
30/06/1962,120.2336896
01/07/1962,120.511114
02/07/1962,120.0645048
03/07/1962,120.0820554
06/07/1962,119.7082705
07/07/1962,119.3029404
08/07/1962,119.2777174
09/07/1962,119.4599695
10/07/1962,119.5242546
13/07/1962,119.6001773
14/07/1962,133.3289493
15/07/1962,133.4452402
16/07/1962,134.0529574
17/07/1962,134.0533183
20/07/1962,133.6220634
21/07/1962,133.6812913
22/07/1962,134.1684147
23/07/1962,134.5123564
24/07/1962,134.0996976
27/07/1962,133.9643311
28/07/1962,133.3228896
29/07/1962,133.8770898
30/07/1962,133.9099521
31/07/1962,133.4977779
03/08/1962,134.1628289
04/08/1962,134.3350635
05/08/1962,134.9005658
06/08/1962,135.1494037
07/08/1962,134.5967001
10/08/1962,134.6004627
11/08/1962,134.3818897
12/08/1962,134.6391064
13/08/1962,134.3724684
14/08/1962,134.5342643
17/08/1962,134.2155828
18/08/1962,133.6702108
19/08/1962,134.2150612
20/08/1962,134.6168234
21/08/1962,135.2700088
24/08/1962,135.6739087
25/08/1962,135.4877934
26/08/1962,135.8458949
27/08/1962,135.4007685
28/08/1962,135.7251879
31/08/1962,135.895202
01/09/1962,135.8368952
02/09/1962,136.505276
03/09/1962,136.543618
04/09/1962,136.315526
07/09/1962,136.2064631
08/09/1962,135.7282731
09/09/1962,135.1798841
10/09/1962,135.2236016
11/09/1962,135.8398427
14/09/1962,135.6846351
15/09/1962,135.1293035
16/09/1962,135.4623633
17/09/1962,135.5000731
18/09/1962,135.9970188
21/09/1962,135.3458132
22/09/1962,135.2545911
23/09/1962,134.7474587
24/09/1962,134.4027144
25/09/1962,134.7296774
28/09/1962,134.4307886
29/09/1962,133.9998838
30/09/1962,134.2094533
01/10/1962,134.8208268
02/10/1962,134.5621849
05/10/1962,134.4307017
06/10/1962,134.2038947
07/10/1962,133.7157861
08/10/1962,133.954868
09/10/1962,133.9762621
12/10/1962,133.816378
13/10/1962,134.0957965
14/10/1962,134.0631575
15/10/1962,134.4532408
16/10/1962,134.1090918
19/10/1962,133.9925356
20/10/1962,134.0941353
21/10/1962,134.0794807
22/10/1962,133.7242812
23/10/1962,133.3779364
26/10/1962,134.0381269
27/10/1962,134.124119
28/10/1962,134.2948887
29/10/1962,134.3967592
30/10/1962,134.9230598
02/11/1962,134.8531363
03/11/1962,134.7015638
04/11/1962,134.6208302
05/11/1962,134.7029268
06/11/1962,134.0306016
09/11/1962,133.4684944
10/11/1962,123.8835704
11/11/1962,133.9379917
12/11/1962,133.4347655
13/11/1962,133.2890102
16/11/1962,133.4901434
17/11/1962,133.7107025
18/11/1962,134.0556426
19/11/1962,133.4060936
20/11/1962,133.0039144
23/11/1962,133.2072318
24/11/1962,133.4512731
25/11/1962,133.6194327
26/11/1962,133.9847538
27/11/1962,134.5833215
30/11/1962,133.9171089
01/12/1962,134.4611022
02/12/1962,135.1125262
03/12/1962,135.1128686
04/12/1962,134.4808684
07/12/1962,134.9397884
08/12/1962,134.3600695
09/12/1962,134.8545683
10/12/1962,134.8615186
11/12/1962,134.6917334
14/12/1962,134.4132366
15/12/1962,134.5748453
16/12/1962,134.8380628
17/12/1962,134.8526395
18/12/1962,134.6422053
21/12/1962,135.2245326
22/12/1962,135.6518353
23/12/1962,135.6916854
24/12/1962,136.1460957
25/12/1962,136.7532083
28/12/1962,136.1208532
29/12/1962,136.3862213
30/12/1962,136.5512627
31/12/1962,136.8785032
01/01/1963,137.2293888
04/01/1963,137.0514725
05/01/1963,136.9377346
06/01/1963,137.1701933
07/01/1963,136.749405
08/01/1963,136.92025
11/01/1963,137.1033526
12/01/1963,136.5426786
13/01/1963,137.1095385
14/01/1963,137.6469641
15/01/1963,137.151647
18/01/1963,136.8664648
19/01/1963,136.6458762
20/01/1963,136.321985
21/01/1963,135.7023815
22/01/1963,136.2037859
25/01/1963,136.1035234
26/01/1963,136.5935734
27/01/1963,137.1792308
28/01/1963,137.7664461
29/01/1963,138.1332643
01/02/1963,138.5754886
02/02/1963,139.4906686
03/02/1963,140.1936368
04/02/1963,140.8756764
05/02/1963,141.4121299
08/02/1963,141.3172264
09/02/1963,141.6727571
10/02/1963,141.2736838
11/02/1963,141.3250893
12/02/1963,141.9843293
15/02/1963,142.3979638
16/02/1963,142.5163806
17/02/1963,141.9406858
18/02/1963,141.6847407
19/02/1963,141.4383275
22/02/1963,141.4928657
23/02/1963,142.0509941
24/02/1963,141.3998865
25/02/1963,141.248231
26/02/1963,140.7362773
01/03/1963,141.1609619
02/03/1963,140.6417035
03/03/1963,141.0682083
04/03/1963,141.2558551
05/03/1963,140.6966703
08/03/1963,141.2189062
09/03/1963,140.8375062
10/03/1963,140.5118619
11/03/1963,140.7374738
12/03/1963,141.1995218
15/03/1963,141.3388519
16/03/1963,140.7244189
17/03/1963,155.8201696
18/03/1963,152.5140304
19/03/1963,152.1710413
22/03/1963,152.275249
23/03/1963,151.8533433
24/03/1963,152.1205674
25/03/1963,151.8234294
26/03/1963,151.2385028
29/03/1963,151.6039339
30/03/1963,152.0102534
31/03/1963,151.7491712
01/04/1963,151.6790778
02/04/1963,152.3633389
05/04/1963,152.8915804
06/04/1963,153.1840358
07/04/1963,152.4242781
08/04/1963,152.0995618
09/04/1963,152.2142565
12/04/1963,151.6848696
13/04/1963,152.4386774
14/04/1963,152.7437299
15/04/1963,152.5846209
16/04/1963,152.2920025
19/04/1963,151.7194135
20/04/1963,152.2031367
21/04/1963,152.1184068
22/04/1963,152.4028403
23/04/1963,152.9802182
26/04/1963,153.3835791
27/04/1963,152.6367749
28/04/1963,153.3929673
29/04/1963,153.9805099
30/04/1963,154.6906305
03/05/1963,155.4520598
04/05/1963,155.7516424
05/05/1963,156.0988897
06/05/1963,156.2649787
07/05/1963,156.5323561
10/05/1963,156.0348466
11/05/1963,156.3857199
12/05/1963,155.730799
13/05/1963,156.161626
14/05/1963,156.4015144
17/05/1963,157.0927798
18/05/1963,157.0110385
19/05/1963,157.5907505
20/05/1963,157.3390114
21/05/1963,157.9031866
24/05/1963,158.3682194
25/05/1963,159.0177246
26/05/1963,158.2679205
27/05/1963,157.5714167
28/05/1963,157.659915
31/05/1963,157.1414497
01/06/1963,157.1781545
02/06/1963,156.5047071
03/06/1963,156.5578154
04/06/1963,156.6501834
07/06/1963,156.2025727
08/06/1963,156.073048
09/06/1963,156.4799288
10/06/1963,155.9539122
11/06/1963,156.1140697
14/06/1963,155.9303847
15/06/1963,155.3167713
16/06/1963,155.7970687
17/06/1963,156.2727676
18/06/1963,156.15312
21/06/1963,156.2898773
22/06/1963,155.9292436
23/06/1963,155.648845
24/06/1963,156.0621325
25/06/1963,155.4893723
28/06/1963,155.4187248
29/06/1963,155.3377515
30/06/1963,154.9508999
01/07/1963,154.36693
02/07/1963,153.8889753
05/07/1963,153.2317173
06/07/1963,153.7224885
07/07/1963,153.0271345
08/07/1963,153.4856035
09/07/1963,153.6329991
12/07/1963,154.3678836
13/07/1963,153.6259446
14/07/1963,152.9980162
15/07/1963,153.2762734
16/07/1963,153.5906066
19/07/1963,153.1214461
20/07/1963,153.4192547
21/07/1963,154.1424575
22/07/1963,154.7310168
23/07/1963,155.3844511
26/07/1963,155.1666642
27/07/1963,155.8803409
28/07/1963,155.7036555
29/07/1963,154.9566052
30/07/1963,155.5818971
02/08/1963,155.5567467
03/08/1963,155.4209203
04/08/1963,156.1126286
05/08/1963,155.6881156
06/08/1963,155.3050017
09/08/1963,154.8982328
10/08/1963,154.5164786
11/08/1963,154.3155865
12/08/1963,154.6287278
13/08/1963,154.6007294
16/08/1963,154.5347584
17/08/1963,154.819629
18/08/1963,154.8590446
19/08/1963,154.6183032
20/08/1963,155.1606518
23/08/1963,154.6071646
24/08/1963,154.146516
25/08/1963,153.3866586
26/08/1963,153.8419204
27/08/1963,154.3391172
30/08/1963,154.3218161
31/08/1963,154.002224
01/09/1963,153.3397256
02/09/1963,152.6480098
03/09/1963,152.7197089
06/09/1963,152.3866792
07/09/1963,152.4387959
08/09/1963,152.6936462
09/09/1963,152.9678081
10/09/1963,152.394541
13/09/1963,151.8414182
14/09/1963,152.0848428
15/09/1963,152.7675573
16/09/1963,152.6476574
17/09/1963,152.0723845
20/09/1963,152.4855905
21/09/1963,152.7036612
22/09/1963,152.7281887
23/09/1963,152.2996092
24/09/1963,152.1024084
27/09/1963,151.853101
28/09/1963,151.1728573
29/09/1963,150.9801031
30/09/1963,151.6862455
01/10/1963,151.0181126
04/10/1963,150.417905
05/10/1963,150.8866452
06/10/1963,150.2036842
07/10/1963,149.8820757
08/10/1963,150.2572174
11/10/1963,150.981053
12/10/1963,151.2069499
13/10/1963,150.9799636
14/10/1963,150.6777106
15/10/1963,150.356895
18/10/1963,150.2100923
19/10/1963,150.7173875
20/10/1963,150.2925856
21/10/1963,150.5728795
22/10/1963,150.5472137
25/10/1963,150.5620537
26/10/1963,151.1957867
27/10/1963,150.7693924
28/10/1963,150.7450312
29/10/1963,150.3557209
01/11/1963,150.3765944
02/11/1963,150.8834104
03/11/1963,151.5030756
04/11/1963,151.78605
05/11/1963,151.6670107
08/11/1963,152.0086721
